<?xml version="1.0" encoding="shift_jis"?>
<BarrelHolder xmlns:xsi="http://www.w3.org/2001/XMLSchema-instance" xmlns:xsd="http://www.w3.org/2001/XMLSchema">
  <Barrels>
    <Barrel>
      <FerilizerType>Crops</FerilizerType>
      <HintDifficulty>1</HintDifficulty>
	  <Category>Equipment</Category>
      <HintText>Pivot</HintText>
    </Barrel>
    <Barrel>
      <FerilizerType>Ethanol</FerilizerType>
      <HintDifficulty>1</HintDifficulty>
	  <Category>Equipment</Category>
      <HintText>Distiller</HintText>
    </Barrel>
    <Barrel>
      <FerilizerType>Ethanol</FerilizerType>
      <HintDifficulty>1</HintDifficulty>
	  <Category>Equipment</Category>
      <HintText>Fermenter</HintText>
    </Barrel>
	<Barrel>
      <FerilizerType>Ethanol</FerilizerType>
      <HintDifficulty>1</HintDifficulty>
	  <Category>Equipment</Category>
      <HintText>Centrifuge</HintText>
    </Barrel>
	<Barrel>
      <FerilizerType>Beef</FerilizerType>
      <HintDifficulty>1</HintDifficulty>
	  <Category>Equipment</Category>
      <HintText>Feed Truck</HintText>
    </Barrel>
	<Barrel>
      <FerilizerType>Crops</FerilizerType>
      <HintDifficulty>1</HintDifficulty>
	  <Category>Equipment</Category>
      <HintText>Combine</HintText>
    </Barrel>
	<Barrel>
      <FerilizerType>Crops</FerilizerType>
      <HintDifficulty>1</HintDifficulty>
	  <Category>Equipment</Category>
      <HintText>Seed Drill</HintText>
    </Barrel> 
	<Barrel>
      <FerilizerType>Beef</FerilizerType>
      <HintDifficulty>1</HintDifficulty>
	  <Category>Equipment</Category>
      <HintText>Squeeze Chute</HintText>
    </Barrel>
	<Barrel>
      <FerilizerType>Crops</FerilizerType>
      <HintDifficulty>1</HintDifficulty>
	  <Category>Equipment</Category>
      <HintText>Planter</HintText>
    </Barrel>
	<Barrel>
      <FerilizerType>Beef</FerilizerType>
      <HintDifficulty>1</HintDifficulty>
	  <Category>Equipment</Category>
      <HintText>Syringe</HintText>
    </Barrel>
	<Barrel>
      <FerilizerType>Crops</FerilizerType>
      <HintDifficulty>1</HintDifficulty>
	  <Category>Equipment</Category>
      <HintText>Sprayer</HintText>
    </Barrel>
	<Barrel>
      <FerilizerType>Crops</FerilizerType>
      <HintDifficulty>1</HintDifficulty>
	  <Category>Equipment</Category>
      <HintText>Baler</HintText>
    </Barrel>
	<Barrel>
      <FerilizerType>Beef</FerilizerType>
      <HintDifficulty>1</HintDifficulty>
	  <Category>Equipment</Category>
      <HintText>Livestock Trailer</HintText>
    </Barrel>
	<Barrel>
      <FerilizerType>Ethanol</FerilizerType>
      <HintDifficulty>1</HintDifficulty>
	  <Category>Equipment</Category>
      <HintText>Reactor</HintText>
    </Barrel>
	<Barrel>
      <FerilizerType>Crops</FerilizerType>
      <HintDifficulty>2</HintDifficulty>
	  <Category>Inputs</Category>
      <HintText>Fertilizer</HintText>
    </Barrel>
	<Barrel>
      <FerilizerType>Crops</FerilizerType>
      <HintDifficulty>2</HintDifficulty>
	  <Category>Inputs</Category>
      <HintText>Seeds</HintText>
    </Barrel>
	<Barrel>
      <FerilizerType>Crops</FerilizerType>
      <HintDifficulty>2</HintDifficulty>
	  <Category>Inputs</Category>
      <HintText>Irrigation</HintText>
    </Barrel>
	<Barrel>
      <FerilizerType>Crops</FerilizerType>
      <HintDifficulty>2</HintDifficulty>
	  <Category>Inputs</Category>
      <HintText>Pesticides</HintText>
    </Barrel>
	<Barrel>
      <FerilizerType>Crops</FerilizerType>
      <HintDifficulty>2</HintDifficulty>
	  <Category>Inputs</Category>
      <HintText>Solar Energy</HintText>
    </Barrel>
	<Barrel>
      <FerilizerType>Beef</FerilizerType>
      <HintDifficulty>2</HintDifficulty>
	  <Category>Inputs</Category>
      <HintText>Corn</HintText>
    </Barrel>
	<Barrel>
      <FerilizerType>Beef</FerilizerType>
      <HintDifficulty>2</HintDifficulty>
	  <Category>Inputs</Category>
      <HintText>Distillers</HintText>
    </Barrel>
	<Barrel>
      <FerilizerType>Beef</FerilizerType>
      <HintDifficulty>2</HintDifficulty>
	  <Category>Inputs</Category>
      <HintText>Hay</HintText>
    </Barrel>
	<Barrel>
      <FerilizerType>Beef</FerilizerType>
      <HintDifficulty>2</HintDifficulty>
	  <Category>Inputs</Category>
      <HintText>Silage</HintText>
    </Barrel>
	<Barrel>
      <FerilizerType>Beef</FerilizerType>
      <HintDifficulty>2</HintDifficulty>
	  <Category>Inputs</Category>
      <HintText>Protein</HintText>
    </Barrel>
	<Barrel>
      <FerilizerType>Beef</FerilizerType>
      <HintDifficulty>2</HintDifficulty>
	  <Category>Inputs</Category>
      <HintText>Drinking Water</HintText>
    </Barrel>
	<Barrel>
      <FerilizerType>Beef</FerilizerType>
      <HintDifficulty>2</HintDifficulty>
	  <Category>Inputs</Category>
      <HintText>Corn Stocks</HintText>
    </Barrel>
	<Barrel>
      <FerilizerType>Beef</FerilizerType>
      <HintDifficulty>2</HintDifficulty>
	  <Category>Inputs</Category>
      <HintText>Soybean meal</HintText>
    </Barrel>
	<Barrel>
      <FerilizerType>Ethanol</FerilizerType>
      <HintDifficulty>2</HintDifficulty>
	  <Category>Inputs</Category>
      <HintText>Water</HintText>
    </Barrel>
	<Barrel>
      <FerilizerType>Ethanol</FerilizerType>
      <HintDifficulty>2</HintDifficulty>
	  <Category>Inputs</Category>
      <HintText>Starch</HintText>
    </Barrel>
	<Barrel>
      <FerilizerType>Ethanol</FerilizerType>
      <HintDifficulty>2</HintDifficulty>
	  <Category>Inputs</Category>
      <HintText>Enzymes</HintText>
    </Barrel>
	<Barrel>
      <FerilizerType>Ethanol</FerilizerType>
      <HintDifficulty>2</HintDifficulty>
	  <Category>Inputs</Category>
      <HintText>Heat</HintText>
    </Barrel>
	<Barrel>
      <FerilizerType>Ethanol</FerilizerType>
      <HintDifficulty>2</HintDifficulty>
	  <Category>Inputs</Category>
      <HintText>Yeast</HintText>
    </Barrel>
	<Barrel>
      <FerilizerType>Beef</FerilizerType>
      <HintDifficulty>3</HintDifficulty>
	  <Category>Product</Category>
      <HintText>Fertilizer</HintText>
    </Barrel>
	<Barrel>
      <FerilizerType>Beef</FerilizerType>
      <HintDifficulty>3</HintDifficulty>
	  <Category>Product</Category>
      <HintText>Methane Gas</HintText>
    </Barrel>
	<Barrel>
      <FerilizerType>Beef</FerilizerType>
      <HintDifficulty>3</HintDifficulty>
	  <Category>Product</Category>
      <HintText>Clothing</HintText>
    </Barrel>
	<Barrel>
      <FerilizerType>Beef</FerilizerType>
      <HintDifficulty>3</HintDifficulty>
	  <Category>Product</Category>
      <HintText>Luggage</HintText>
    </Barrel>
	<Barrel>
      <FerilizerType>Beef</FerilizerType>
      <HintDifficulty>3</HintDifficulty>
	  <Category>Product</Category>
      <HintText>Chewing Gum</HintText>
    </Barrel>
	<Barrel>
      <FerilizerType>Beef</FerilizerType>
      <HintDifficulty>3</HintDifficulty>
	  <Category>Product</Category>
      <HintText>Rubber</HintText>
    </Barrel>
	<Barrel>
      <FerilizerType>Beef</FerilizerType>
      <HintDifficulty>3</HintDifficulty>
	  <Category>Product</Category>
      <HintText>Pet Food</HintText>
    </Barrel>
	<Barrel>
      <FerilizerType>Beef</FerilizerType>
      <HintDifficulty>3</HintDifficulty>
	  <Category>Product</Category>
      <HintText>Crayons</HintText>
    </Barrel>
	<Barrel>
      <FerilizerType>Beef</FerilizerType>
      <HintDifficulty>3</HintDifficulty>
	  <Category>Product</Category>
      <HintText>Instrument Strings</HintText>
    </Barrel>
	<Barrel>
      <FerilizerType>Beef</FerilizerType>
      <HintDifficulty>3</HintDifficulty>
	  <Category>Product</Category>
      <HintText>Shampoo</HintText>
    </Barrel>
	<Barrel>
      <FerilizerType>Crops</FerilizerType>
      <HintDifficulty>3</HintDifficulty>
	  <Category>Product</Category>
      <HintText>Vodka</HintText>
    </Barrel>
	<Barrel>
      <FerilizerType>Crops</FerilizerType>
      <HintDifficulty>3</HintDifficulty>
	  <Category>Product</Category>
      <HintText>Beer</HintText>
    </Barrel>
	<Barrel>
      <FerilizerType>Crops</FerilizerType>
      <HintDifficulty>3</HintDifficulty>
	  <Category>Product</Category>
      <HintText>Pancakes</HintText>
    </Barrel>
	<Barrel>
      <FerilizerType>Crops</FerilizerType>
      <HintDifficulty>3</HintDifficulty>
	  <Category>Product</Category>
      <HintText>Cereal</HintText>
    </Barrel>
	<Barrel>
      <FerilizerType>Crops</FerilizerType>
      <HintDifficulty>3</HintDifficulty>
	  <Category>Product</Category>
      <HintText>Salad Dressing</HintText>
    </Barrel>
	<Barrel>
      <FerilizerType>Crops</FerilizerType>
      <HintDifficulty>3</HintDifficulty>
	  <Category>Product</Category>
      <HintText>Baby Food</HintText>
    </Barrel>
	<Barrel>
      <FerilizerType>Crops</FerilizerType>
      <HintDifficulty>3</HintDifficulty>
	  <Category>Product</Category>
      <HintText>Carbonated Beverages</HintText>
    </Barrel>
	<Barrel>
      <FerilizerType>Crops</FerilizerType>
      <HintDifficulty>3</HintDifficulty>
	  <Category>Product</Category>
      <HintText>Peanut Butter</HintText>
    </Barrel>
	<Barrel>
      <FerilizerType>Crops</FerilizerType>
      <HintDifficulty>3</HintDifficulty>
	  <Category>Product</Category>
      <HintText>Margarine</HintText>
    </Barrel>
	<Barrel>
      <FerilizerType>Crops</FerilizerType>
      <HintDifficulty>3</HintDifficulty>
	  <Category>Product</Category>
      <HintText>Sweet Pickles</HintText>
    </Barrel>
	<Barrel>
      <FerilizerType>Crops</FerilizerType>
      <HintDifficulty>3</HintDifficulty>
	  <Category>Product</Category>
      <HintText>French Fries</HintText>
    </Barrel>
	<Barrel>
      <FerilizerType>Crops</FerilizerType>
      <HintDifficulty>3</HintDifficulty>
	  <Category>Product</Category>
      <HintText>Canned Fish</HintText>
    </Barrel>
	<Barrel>
      <FerilizerType>Ethanol</FerilizerType>
      <HintDifficulty>3</HintDifficulty>
	  <Category>Product</Category>
      <HintText>Wet Distillers</HintText>
    </Barrel>
	<Barrel>
      <FerilizerType>Ethanol</FerilizerType>
      <HintDifficulty>3</HintDifficulty>
	  <Category>Product</Category>
      <HintText>Corn Oil</HintText>
    </Barrel>
	<Barrel>
      <FerilizerType>Ethanol</FerilizerType>
      <HintDifficulty>3</HintDifficulty>
	  <Category>Product</Category>
      <HintText>Corn Syrup</HintText>
    </Barrel>
	<Barrel>
      <FerilizerType>Ethanol</FerilizerType>
      <HintDifficulty>3</HintDifficulty>
	  <Category>Product</Category>
      <HintText>CO2</HintText>
    </Barrel>
	<Barrel>
      <FerilizerType>Ethanol</FerilizerType>
      <HintDifficulty>3</HintDifficulty>
	  <Category>Product</Category>
      <HintText>Dry Distillers</HintText>
    </Barrel>
	<Barrel>
      <FerilizerType>Ethanol</FerilizerType>
      <HintDifficulty>3</HintDifficulty>
	  <Category>Product</Category>
      <HintText>Gasoline</HintText>
    </Barrel>
  </Barrels>
</BarrelHolder>